subsidiary,activity,target_cph,target_cpkm,target_cpm3
Bécar inc.,chargement,64.95445742967375,72.42215384615383,4.230091294998185
Bécar inc.,construction_chemins,64.2046771794151,40.46402097902097,21.340385276705277
Bécar inc.,transport_copeaux,86.29811912225705,3.773167578319245,8.367932038834951
Bécar inc.,transport_inter_usines,86.36280683030951,3.8702685950413223,8.117606571936054
